manufactured_date,name,manufacturer,owner_first_name,owner_last_name,license
01//18//2005,Soul-bdf1760b,KIA,Alexandra,Olsen,02JL3
10//26//2006,Soul-17f29fae,KIA,Angela,Allen,BOB 907
06//12//2008,Corolla-f4100076,TOYOTA,Linda,Cunningham,SCR 895
08//27//2007,Prius-9a6b07f9,TOYOTA,Matthew,Wagner,4-00791W
10//17//2008,Camry-a89f7e0a,TOYOTA,Michael,Leach,9453
08//27//2005,Prius-1026c5e3,TOYOTA,Lawrence,Tapia,973-OSA
05//19//2004,Corvette-74d6673a,CHEVROLET,Cathy,Miller,MCT 981
03//01//2008,Mustang-c76d8f9c,FORD,Christopher,Salazar,906 TA4
02//05//2006,Mustang-7d2885c4,FORD,Sheryl,Grimes,241-222
04//11//2008,Corolla-cc5f7996,TOYOTA,Michael,Tucker,00-6358C
04//13//2007,Corolla-f22bcda3,TOYOTA,Dustin,Lewis,33J•069
12//15//2005,Corvette-8c47d167,CHEVROLET,Christine,Brown,LVR-798
12//15//2004,Forester-9baed970,SUBARU,Chelsea,Fleming,29-B477
02//07//2009,Corvette-4093bcdd,CHEVROLET,Luke,Morales,SZT-856
06//23//2004,Mustang-377793a7,FORD,David,Wilkerson,0-19608
08//09//2005,A4-c7e734fa,AUDI,Anna,Morgan,J29 4KC
12//04//2005,A4-f7b76a31,AUDI,Kenneth,Brown,008 NZF
04//28//2008,Corvette-676b5c93,CHEVROLET,Joseph,Simpson,481 QZ9
10//14//2004,Civic-00213573,HONDA,Joseph,Terry,TWT-7293
08//17//2005,Soul-5812d921,KIA,Meagan,David,428-DPK
01//30//2005,A4-ac125a88,AUDI,Jennifer,White,326-RDD
10//14//2005,Camry-5aea880a,TOYOTA,Christopher,Young,313-ZNK
11//19//2006,Corvette-11e3bfa7,CHEVROLET,Robert,White,GHQ 952
12//20//2004,Silverado-9b4df6c7,CHEVROLET,Kelly,Gardner,762QFY
09//07//2004,Cruze-26e69291,CHEVROLET,John,Rogers,LCO 890
01//30//2006,Civic-b19a724b,HONDA,Jill,Lamb,780JH
11//11//2008,Escape-d410d3db,FORD,Daniel,Murray,TZ 2116
08//10//2008,Cruze-e1805b00,CHEVROLET,Kyle,Peterson,0MB 719
03//16//2004,Soul-03a36fa6,KIA,Julie,Garcia,EDJ 679
07//29//2008,Corvette-085ea815,CHEVROLET,Christopher,Howard,YQI-560
10//31//2007,XC40-3bacd273,VOLVO,Amy,Johnson,531 NWS
12//01//2008,A4-01670ff2,AUDI,Cody,Reed,93-1261J
02//16//2006,XC40-9a289569,VOLVO,Kendra,Osborn,20Z 471
07//19//2006,4Runner-87cca5ac,TOYOTA,Richard,Oconnell,RNR 560
06//08//2005,Camry-8d977def,TOYOTA,Christopher,Blevins,40M RW8
08//05//2005,Prius-65699dcd,TOYOTA,Kimberly,Smith,876-SKN
09//02//2006,Wrangler-a7addfa0,JEEP,Dale,Johnson,8-59270F
10//18//2005,XC40-3381cbcc,VOLVO,Jared,Mitchell,49P E49
07//04//2004,Wrangler-2b8059c3,JEEP,Donna,Tucker,089-330
10//06//2008,Forester-8bda5e9f,SUBARU,Bridget,Solis,PTK1431
09//21//2004,Prius-d3898173,TOYOTA,Christopher,Cohen,781-BDG
10//25//2008,Camry-01367544,TOYOTA,Courtney,Bradford,FCS-301
04//20//2007,Forester-e6a077e8,SUBARU,Lori,Greer,HFE 323
03//06//2006,Corolla-6ff9bde7,TOYOTA,Shannon,Davis,582-VPO
04//06//2006,A4-49518fb5,AUDI,Lisa,Conway,331ZTO
05//29//2008,4Runner-7a15e123,TOYOTA,Ruth,Vasquez,77-A715
07//13//2007,4Runner-a7dc7c80,TOYOTA,Shannon,Carrillo,687 CTW
03//29//2006,Civic-238b2a8e,HONDA,Laura,Jones,5SUQ 53
11//23//2004,Camry-75657e59,TOYOTA,Christopher,Chan,041-IKX
07//17//2006,Soul-0f37988e,KIA,Christine,Shields,8RNT 52
06//17//2008,Soul-338a9b2d,KIA,Laura,Gardner,LTQ-4947
09//27//2006,XC40-bda05f9b,VOLVO,Cynthia,Williams,835 IU2
10//08//2005,Cruze-85da615a,CHEVROLET,James,Myers,276 OFG
06//17//2004,Corolla-b39311a4,TOYOTA,Shelby,Jenkins,73S 3891
09//27//2007,Forester-f40a54ec,SUBARU,Michael,Tucker,XSK 161
03//26//2004,Outback-e3839683,SUBARU,Jeremy,Brown,975 2HA
08//25//2007,Explorer-55718b4c,FORD,Krista,Vasquez,M14 9RR
07//31//2005,Cruze-1b862f90,CHEVROLET,Jason,Cameron,020 8MC
08//06//2006,4Runner-7d7d9fb6,TOYOTA,Sabrina,Brown,8C 6612A
01//06//2007,Wrangler-faf9cd05,JEEP,Shannon,Newton,PXJ5452
10//11//2007,Camry-4cd5dfaf,TOYOTA,Lisa,Thompson,5D W9789
08//24//2005,XC40-7aa3dda8,VOLVO,Thomas,Brown,9-H5384
07//12//2005,A4-3191f63a,AUDI,Michael,Taylor,478 YBI
08//13//2006,Cruze-1cee1d49,CHEVROLET,John,George,FCL-2152
11//24//2005,Wrangler-97a2e84f,JEEP,Rachel,Rice,4-59507
12//04//2005,Soul-42238e3b,KIA,Lisa,Bailey,8W R4001
12//21//2008,Cruze-9d04d94b,CHEVROLET,Shelby,Strickland,TQR-199
10//06//2007,Cruze-07397c00,CHEVROLET,John,Owen,4501
07//25//2004,Soul-3c2754ed,KIA,Steven,Craig,0S 0163K
12//01//2007,XC40-140da83f,VOLVO,Emily,Wilson,121 9980
03//01//2005,Outback-54963c41,SUBARU,Gabriel,Chapman,SPN-6651
10//18//2008,Corvette-9a05c9e6,CHEVROLET,Melissa,Lewis,2-5556Q
04//09//2008,XC40-53ff6244,VOLVO,Jacob,Wolf,5ORG 40
04//13//2004,Corolla-de5a27f4,TOYOTA,Paul,Rodriguez,IHG-6345
03//23//2007,Outback-c23cbfe5,SUBARU,Amanda,Casey,65-7409A
11//04//2006,Explorer-044bfd17,FORD,Catherine,Watkins,458 DSC
12//15//2005,Soul-85faf96f,KIA,Brett,Brooks,LGJ-578
08//24//2004,Wrangler-5bfe6309,JEEP,Ashley,Smith,EKB-3508
03//20//2008,Escape-550bbd23,FORD,Mark,Leonard,8S S0955
05//15//2006,Prius-9c6ee941,TOYOTA,Luis,Davidson,PRD3391
05//22//2007,Wrangler-acf11fbf,JEEP,Hannah,Torres,35T 5268
09//28//2004,Corolla-e869f4af,TOYOTA,Bianca,Wilson,O09 6EP
10//21//2004,Civic-fceeb9eb,HONDA,Valerie,Spears,1IE32
09//14//2008,Cruze-d2f8a1ff,CHEVROLET,Colleen,Edwards,0P 07671
07//03//2008,Civic-ffa8bdd4,HONDA,Jennifer,Franco,USB 845
10//11//2008,Corvette-0e0bd300,CHEVROLET,Benjamin,Hernandez,064NJ
11//04//2004,Wrangler-756f61d0,JEEP,Brian,Knight,MMF-0424
06//20//2005,Soul-db0809bd,KIA,Marc,Hampton,8-7098R
07//22//2007,Soul-8773c6d2,KIA,Tom,Schultz,9G G6046
01//19//2005,Civic-309b7410,HONDA,Dean,Evans,HL5 9902
01//04//2007,Corolla-fb63f178,TOYOTA,James,Washington,XXL-978
06//07//2008,XC40-b5ae7e5a,VOLVO,Leslie,Wilson,0S871
11//09//2005,Soul-0c31330b,KIA,Jennifer,Bowman,VC6 K3Q
12//06//2006,4Runner-088ba12c,TOYOTA,Caroline,Franco,610 VQK
05//28//2008,Civic-1423ffc4,HONDA,Todd,Mcdonald,3-05163
02//20//2005,Wrangler-7b698e9c,JEEP,Cameron,Gonzalez,6FA F93
02//19//2006,Forester-290bb9c5,SUBARU,Patrick,May,WRU-320
02//04//2009,Explorer-1ae72054,FORD,April,Perez,4VC41
03//25//2005,4Runner-142ffb3b,TOYOTA,Yvonne,Stewart,4BM6305
03//18//2007,A4-0f036a85,AUDI,Jacqueline,Gibson,0OSW 64
05//01//2006,Mustang-c1e2297c,FORD,Bradley,Horton,342 FPJ
05//30//2004,Soul-04a056eb,KIA,Holly,Frost,KIQ 400
10//02//2006,XC40-c9661a85,VOLVO,Erica,Kennedy,386-LGTH
03//31//2005,Soul-5ae87469,KIA,Megan,Jones,363 2JJ
08//28//2008,Explorer-e1484bad,FORD,Stephanie,Whitaker,JC-6983
06//29//2005,A4-e3b689bd,AUDI,Troy,Cole,MOD 910
05//24//2006,Corvette-e174c479,CHEVROLET,Sandra,Greene,889-VWL
12//05//2008,Escape-535f8123,FORD,Kyle,Boyle,096 COY
09//21//2008,4Runner-98086256,TOYOTA,Ethan,Young,029-BAI
05//17//2008,XC40-6a1a9f3b,VOLVO,Dustin,Walsh,174 BRE
11//06//2005,Prius-e95a2d72,TOYOTA,Patrick,Johnston,ZJ5 T2Y
04//27//2006,Camry-e4829070,TOYOTA,Heather,Massey,HEZ3106
11//09//2008,Mustang-9bf6652c,FORD,William,Buchanan,4HM 315
10//20//2007,4Runner-2dce2ce4,TOYOTA,Lisa,Burke,1SAM622
06//13//2004,A4-a51d814b,AUDI,Monica,Miller,IJZ 516
09//25//2008,Prius-018a6522,TOYOTA,Cheryl,Ford,88-5014T
07//03//2004,Camry-77dfd473,TOYOTA,Kevin,Cummings,SOI8755
05//20//2005,Escape-a4d7a1ca,FORD,Christopher,Rivera,MV1 I3W
01//20//2005,Silverado-6d34cab3,CHEVROLET,Thomas,Miller,BQ 2171
09//14//2004,Camry-66cc4822,TOYOTA,Ricardo,Austin,WRZ7777
08//27//2008,4Runner-389e0a2a,TOYOTA,Debbie,Hudson,735-740
12//28//2007,Civic-48bbb201,HONDA,Lisa,Monroe,6SA 840
03//20//2005,Corolla-cdf60d42,TOYOTA,Danielle,Montoya,VDJ-7629
10//06//2005,Wrangler-1fcf3063,JEEP,Robin,Bradley,4P 38597
12//25//2006,Outback-ae809242,SUBARU,William,Jones,020NVT
02//11//2007,Cruze-bdadfc3b,CHEVROLET,Paul,Horn,607-GEQ
12//10//2006,4Runner-9023d0a3,TOYOTA,Justin,Gutierrez,8073
12//27//2006,Corvette-c054cfc0,CHEVROLET,Mathew,Walker,NHZ9636
02//23//2005,Cruze-7abedb7f,CHEVROLET,Amanda,Ryan,AOW 642
12//18//2007,Wrangler-98f4557e,JEEP,Susan,Davis,2-32367C
01//22//2007,Camry-95320bc8,TOYOTA,Gerald,Burgess,669G
05//21//2007,4Runner-cafa3980,TOYOTA,Sarah,Guzman,2CFN871
05//03//2005,XC40-d7d451d8,VOLVO,Marcus,Lopez,3IA1315
06//17//2006,Escape-31055c22,FORD,Kimberly,Romero,ANY-216
07//20//2007,Corvette-1916a850,CHEVROLET,Kathleen,Bray,LRB 305
09//19//2006,4Runner-c2592960,TOYOTA,Jim,Vargas,03VA7
09//23//2005,Corvette-01f21781,CHEVROLET,April,Castillo,8TE74
10//03//2008,Corolla-e2313f14,TOYOTA,Mary,Wyatt,60M 153
04//24//2005,Corolla-33416be2,TOYOTA,Desiree,West,246186
07//27//2004,4Runner-316b1aeb,TOYOTA,Adam,Allen,QOM-9048
06//12//2008,Explorer-661cd0be,FORD,Steven,Gallegos,49-4718B
10//02//2005,Soul-0325bde7,KIA,Troy,Hays,FYA-013
04//19//2006,Cruze-2edc4546,CHEVROLET,Amy,Daniel,Q 925751
01//11//2007,Cruze-83577892,CHEVROLET,Ruben,Evans,DVD 723
01//15//2008,Prius-96630405,TOYOTA,Xavier,Mccarty,GMD-825
04//03//2008,Explorer-125e885d,FORD,Jessica,Wright,Z02 4TS
08//21//2007,A4-c7d2596b,AUDI,Leslie,Sims,331D3
10//02//2008,Corolla-b01dfb64,TOYOTA,Meghan,Allison,KRQ 983
06//10//2006,XC40-555e6710,VOLVO,Robert,Joyce,LSD 579
11//24//2008,Mustang-f328879b,FORD,Shawn,Moore,6SL 182
11//05//2005,Prius-07905f77,TOYOTA,Vickie,Davila,NH 0262
02//16//2007,Explorer-a946a5df,FORD,Tamara,Williams,52M N40
07//07//2008,Camry-78d0fe4e,TOYOTA,Regina,Williams,9A 13735
03//19//2005,Prius-37881542,TOYOTA,Anna,Hall,208 KXY
08//30//2006,4Runner-962b1556,TOYOTA,Michael,Tran,5-P2376
02//23//2007,Wrangler-cdcb4bea,JEEP,David,Russo,Q65 3BO
01//26//2007,Mustang-af3d499e,FORD,Jimmy,Huber,JUU-605
03//19//2008,Corvette-dbb33c92,CHEVROLET,William,Perez,2I Q6692
11//04//2005,Prius-43be19d7,TOYOTA,Samantha,Hendrix,5KX2172
02//28//2004,Cruze-943fa730,CHEVROLET,Paige,Smith,XWP-534
07//04//2006,Corvette-4a3989a6,CHEVROLET,Paige,Stewart,804 GLN
03//01//2004,Civic-cd0768a5,HONDA,Rebecca,Lowe,870 WFT
10//13//2006,Outback-62997897,SUBARU,Jacqueline,Crawford,272GZ
02//21//2005,Soul-cef49154,KIA,Laurie,Bird,FT-1293
06//06//2005,Prius-d9a10b57,TOYOTA,Jennifer,Neal,YQF 3329
09//20//2008,Civic-bb792aeb,HONDA,Anthony,Robinson,EX 32944
08//23//2006,Corvette-8224535e,CHEVROLET,Jennifer,Robles,344 5YS
12//22//2004,Camry-8e5115cc,TOYOTA,Henry,Lopez,HOO 715
02//12//2005,Mustang-8b9b999c,FORD,Greg,Byrd,826-THP
07//03//2008,Silverado-03d0072f,CHEVROLET,Ariana,Good,070 RXK
03//10//2007,Corolla-23e88fa4,TOYOTA,Michelle,Wilson,6-6164F
10//31//2005,Explorer-68fc8eea,FORD,Gregory,Stewart,230-PKSH
10//11//2005,Prius-53613d81,TOYOTA,Zachary,Turner,097 SAG
11//06//2008,Mustang-6a2d260c,FORD,Richard,Davis,ZNQ 087
04//04//2004,Outback-7501e1a7,SUBARU,Stephen,Hammond,PWF-2678
12//04//2006,Escape-54cbace0,FORD,Thomas,Stewart,KTU-1517
07//28//2007,Outback-e010602b,SUBARU,Kathleen,Thompson,2CI4232
12//25//2007,Forester-616f5e69,SUBARU,Brian,Castro,0O 9P8ESE
02//17//2009,Civic-25976627,HONDA,Brian,Jacobs,SBU0390
11//03//2005,Soul-66376e93,KIA,Aimee,Richardson,K54 1ET
08//28//2008,Civic-a9df9941,HONDA,Megan,Edwards,OMX 382
06//02//2004,Corvette-6f6f8798,CHEVROLET,Samantha,Harris,286-WBB
02//08//2005,Camry-ff14e2ba,TOYOTA,Jeffrey,Murray,PIR-7027
10//18//2005,Escape-3ae178a8,FORD,Alexander,Newman,490-JRL
11//05//2007,Corvette-c99d6508,CHEVROLET,Allison,Garner,2UY7158
05//30//2008,4Runner-108b2a68,TOYOTA,Alyssa,Jones,00-53058
12//29//2006,Corolla-616be394,TOYOTA,Eric,Jordan,1CX8237
09//23//2008,Corolla-b9213959,TOYOTA,Joe,Morris,05O 250
02//07//2005,4Runner-7b8226e1,TOYOTA,Robin,Wilson,LBX-743
11//30//2005,Corolla-d833b657,TOYOTA,Ashley,Gonzalez,110 IPO
01//10//2006,Silverado-6efcaf79,CHEVROLET,Sarah,Curry,051-EWB
08//12//2005,Corolla-ba3e31d6,TOYOTA,David,Smith,46BD487
09//27//2007,Forester-ccbca7d4,SUBARU,Jenna,Erickson,2P 2997J
03//25//2007,Outback-b16c44f6,SUBARU,Paul,Moss,69I LN9
03//21//2006,XC40-61112e80,VOLVO,Sylvia,Wells,1J W9678
09//18//2004,Corolla-a0b1ec37,TOYOTA,Corey,Simon,DOJ N57
09//12//2008,Silverado-9ba2ebc5,CHEVROLET,John,Martinez,DQL-7423
07//05//2007,Corvette-c03549c4,CHEVROLET,Timothy,Hill,567 EDH
08//17//2008,Corvette-5a17ac0e,CHEVROLET,Angela,Campos,GIS-6469
11//08//2004,A4-3751ef18,AUDI,Jeffrey,Shepherd,0-15018C
06//22//2006,Soul-740760a0,KIA,Scott,Nguyen,FK 86293
12//29//2005,Forester-e85c3238,SUBARU,Stephanie,Gonzalez,5UK4488
09//10//2008,Prius-0803c8c2,TOYOTA,Sylvia,Robinson,0H 4214P
07//15//2007,Corolla-75a542e0,TOYOTA,Shannon,Palmer,TDN 035
04//10//2008,Forester-f5a191dc,SUBARU,Cory,Saunders,3716
08//29//2004,Soul-617bda12,KIA,Dennis,Boyd,4-3200P
07//25//2005,4Runner-a635e2f6,TOYOTA,Adam,Ramirez,242QZK
06//12//2008,Soul-c29b04d7,KIA,Jeanne,Jackson,245NPE
02//17//2008,Corolla-fd13c28f,TOYOTA,Jesus,Thompson,MPN 838
10//17//2007,Mustang-37a7e1ad,FORD,Brooke,Nguyen,J21-73L
05//15//2008,4Runner-f81e52e3,TOYOTA,Sharon,Morse,6-63541
12//15//2007,Corvette-c3f5af9e,CHEVROLET,Kimberly,West,WQY-9708
11//11//2006,XC40-f3dedc16,VOLVO,Samuel,Rodriguez,JKS-8947
09//10//2006,Corolla-b4cf3901,TOYOTA,Meghan,Spears,2-4234E
11//29//2006,Prius-087a85fe,TOYOTA,Rebekah,Lester,507-UYB
04//30//2004,Corolla-a2652272,TOYOTA,Regina,Elliott,ZG-9456
05//24//2005,Silverado-d99a3b7c,CHEVROLET,Sarah,Patel,0GB 172
07//05//2006,Corvette-c33b3ae5,CHEVROLET,Zachary,White,4WZ W45
11//16//2006,XC40-2e373636,VOLVO,Sean,Coleman,374 CTI
06//20//2007,4Runner-ca574ff8,TOYOTA,Stephen,Shields,511-QWP
06//19//2007,Silverado-6710c547,CHEVROLET,Jason,Young,HEU 358
11//02//2008,Corolla-a1389f83,TOYOTA,Cameron,Carr,628-NLN
08//21//2006,Corvette-6400665f,CHEVROLET,Colleen,Odonnell,4X265
06//15//2007,Escape-59a96568,FORD,William,Nguyen,0J 3992A
07//01//2005,Camry-990ce6db,TOYOTA,Ryan,Anderson,306-GNJ
07//12//2005,4Runner-ddbfc948,TOYOTA,Vanessa,Wood,7-2561E
11//22//2004,Wrangler-30642eab,JEEP,William,Clark,S 196945
04//28//2008,Civic-47c1c150,HONDA,Laura,Howard,LEW9253
09//14//2006,Escape-2c196483,FORD,Jeremy,Ross,40G E61
06//08//2007,Cruze-08b24a56,CHEVROLET,Robert,Cunningham,080 RNZ
08//09//2005,Prius-a81e9244,TOYOTA,Bethany,Hull,114 UTB
02//12//2008,XC40-ab60f69a,VOLVO,Angela,Sanchez,RBM 8684
06//12//2005,Camry-7d899db9,TOYOTA,Valerie,Erickson,974806
06//01//2006,4Runner-29d51dae,TOYOTA,Teresa,Conley,QGP 6862
12//04//2007,Cruze-0f51b173,CHEVROLET,Michelle,Harrell,EEH 840
10//26//2008,Mustang-b748898d,FORD,Michele,Sharp,974 GA9
11//23//2005,Escape-5c72fd53,FORD,Adrian,Callahan,5IF 595
07//31//2008,XC40-e6aaeda3,VOLVO,Lynn,Martin,KHW-156
11//21//2007,Forester-be9fb861,SUBARU,Daniel,Davis,B11-RDD
05//10//2005,Cruze-fbc800fb,CHEVROLET,Kari,Cooper,M74-SWY
01//07//2008,Prius-9be7ded7,TOYOTA,Sandra,Baldwin,650-UUQA
04//14//2004,Corolla-8d6cdfdf,TOYOTA,Mario,Allen,545 AXJ
01//10//2005,XC40-c475f5a6,VOLVO,Shannon,Maxwell,3LG S18
02//10//2008,Silverado-02a43768,CHEVROLET,Christopher,Parrish,231-WHA
09//23//2005,Wrangler-06e3cdc7,JEEP,Christopher,Anderson,PRT 107
08//08//2008,A4-0cb33948,AUDI,Danny,Barry,536-UNL
08//31//2007,Outback-df82e012,SUBARU,Martin,Alexander,UVM 935
04//13//2008,Outback-0a724846,SUBARU,Jeffrey,Alexander,229 UJR
07//03//2006,Mustang-3239419e,FORD,John,Johnson,530 UOO
12//17//2007,Mustang-d86fafad,FORD,Janet,Owens,27-ZB58
09//19//2007,Escape-61b87c1c,FORD,Courtney,Schultz,4PF C52
01//22//2006,XC40-471f691c,VOLVO,Michael,Kerr,OEF 009
02//16//2005,Escape-0c5862d1,FORD,Mark,Johnson,5K 6Z6KMZ
02//04//2009,Corvette-89973c10,CHEVROLET,Mark,Watkins,85VL177
06//02//2006,Outback-86eaec25,SUBARU,Brittany,Rogers,C16 0VD
11//10//2006,Wrangler-93b51861,JEEP,Michelle,Hunt,XVT-124
10//23//2008,XC40-b5ee95a6,VOLVO,Daniel,Smith,EDA0629
08//10//2004,Wrangler-4014d956,JEEP,Angela,Navarro,8TS O80
06//18//2004,Outback-b2d4f82b,SUBARU,Matthew,Wright,K01 0TW
05//30//2005,Silverado-db6af331,CHEVROLET,Aimee,Boyer,RIQ-6250
02//16//2009,Escape-409fd99e,FORD,Brian,Young,DND-062
07//28//2006,Corvette-1c354643,CHEVROLET,Anna,Cruz,MKR 276
03//08//2005,Corolla-4005947e,TOYOTA,James,Delacruz,96W 885
11//05//2007,Forester-7f99fc76,SUBARU,Jasmine,Taylor,697ORT
01//24//2005,Soul-ccb59ad1,KIA,Anita,Berry,03-C608
05//29//2007,Explorer-8f31dd72,FORD,Luke,Forbes,491329
10//23//2006,Corolla-a346e677,TOYOTA,Melissa,Dougherty,624-HJE
10//23//2005,Escape-dd707016,FORD,Elizabeth,Petersen,6MI5125
09//12//2006,A4-519a472e,AUDI,Karen,Harris,484DYS
04//09//2005,Camry-2c4d248c,TOYOTA,Bobby,Lee,PS3 X0C
08//19//2005,A4-a518b6b9,AUDI,Monique,Simpson,28Y D67
07//02//2008,Wrangler-7bf73127,JEEP,Victor,Wiggins,8-T2035
01//04//2007,Cruze-f398fcb0,CHEVROLET,Paul,Moore,667-WNW
04//08//2005,Mustang-5a8ba5b4,FORD,Stephen,Velasquez,HZM 118
08//22//2008,4Runner-3cd13575,TOYOTA,Chad,Jones,285-410
02//04//2008,Corvette-5f3224bf,CHEVROLET,Veronica,Hudson,28Q J97
04//27//2008,Mustang-b5e76595,FORD,James,Pacheco,LUA 977
03//24//2006,Civic-3f5937e5,HONDA,Jeffrey,Oneal,2WG 191
07//23//2004,Escape-8717ede6,FORD,Ian,Lewis,049L2
11//10//2004,Corvette-528a43e8,CHEVROLET,Steven,Juarez,BYG 403
06//16//2007,4Runner-436edc5e,TOYOTA,Katherine,Hopkins,3DS 913
11//16//2008,Prius-38a94485,TOYOTA,John,Rogers,6PL15
06//21//2007,Corolla-904cb4ef,TOYOTA,Jeffrey,Rodriguez,8DE06
05//09//2008,Outback-c02de392,SUBARU,Judy,Deleon,736-517
06//25//2005,Mustang-62d14ffe,FORD,Dawn,Martinez,780-995
10//03//2008,Cruze-8deb20b0,CHEVROLET,Jose,Martin,595-HLP
12//26//2007,A4-21ded552,AUDI,Ronald,Turner,837 UEF
03//12//2008,Corvette-661e2e76,CHEVROLET,Andrea,Clark,97EW635
06//20//2004,Forester-83243fc6,SUBARU,Cassandra,Wilson,493-IDBL
09//30//2006,Soul-d28b594f,KIA,Meredith,David,49U•520
08//13//2008,Escape-53857523,FORD,Sarah,Larson,SQO 155
11//30//2008,Prius-c212cde1,TOYOTA,Casey,Wilson,HAQ 308
01//10//2005,Cruze-e96617f7,CHEVROLET,Anthony,Baker,090IUQ
10//20//2006,Silverado-654bb777,CHEVROLET,Pamela,Wells,HYM D10
05//24//2005,4Runner-a64d36ea,TOYOTA,Julia,Perry,10-2736V
08//20//2004,XC40-9c55db0b,VOLVO,Robert,Hernandez,14Q B94
05//24//2008,Silverado-92f031c6,CHEVROLET,Elizabeth,Lucas,PU-2187
12//17//2006,Corvette-c9ee36f8,CHEVROLET,Scott,Berry,TJM-109
09//29//2006,Outback-afd805e2,SUBARU,Cynthia,Lucas,656 DLV
01//03//2007,XC40-54db82b0,VOLVO,Peter,Ball,450 ZKY
02//23//2004,Soul-a6c83ab6,KIA,Sarah,Colon,XM-1774
10//01//2007,A4-c777af50,AUDI,Ryan,Stewart,IOK 445
01//12//2008,Explorer-59b94c5f,FORD,Melanie,Curry,R99-48D
05//04//2005,XC40-428a30d0,VOLVO,Shane,Larson,9HTK862
06//03//2005,Civic-f5227a79,HONDA,Shannon,Taylor,2DNH 79
07//28//2007,Corvette-855278a7,CHEVROLET,Angela,Murillo,3H KY123
09//18//2005,Cruze-80a9ea1a,CHEVROLET,Jared,Thomas,189-EPO
01//18//2007,Wrangler-2c9fd44f,JEEP,Luis,Chandler,HQL 796
06//14//2007,Silverado-0049d2b8,CHEVROLET,Sarah,Torres,LMA 124
03//23//2004,Corolla-1e415150,TOYOTA,James,Key,572 2QS
01//24//2008,Silverado-cf12a936,CHEVROLET,Whitney,Black,30D FH4
05//31//2004,Cruze-746b38be,CHEVROLET,Jessica,Gutierrez,632 4AT
01//11//2007,Escape-f7df8c87,FORD,Jessica,Adams,EBR5768
03//06//2005,Outback-fb41921b,SUBARU,William,Williams,539 DUZ
01//28//2005,Forester-c2ffe4bd,SUBARU,Austin,Ferguson,WID-0519
08//29//2006,A4-e1eaa056,AUDI,Amy,Jefferson,GIE 196
02//14//2009,Mustang-aaf2d800,FORD,Kathryn,Oconnor,ZIV 814
12//22//2007,Corvette-4a35c40c,CHEVROLET,Michael,Lawson,PU0 C4G
02//26//2006,Escape-9791a44a,FORD,Allison,Richards,552 2OH
11//19//2008,Prius-76d47084,TOYOTA,Dawn,Williams,422 ZWH
06//19//2005,Forester-ac2f2a30,SUBARU,Justin,Shelton,15-H403
07//11//2008,Camry-4deca081,TOYOTA,Derek,Sanchez,ZA6 0940
06//30//2005,Mustang-4b0f3962,FORD,Krystal,Johnston,FZK-1928
10//26//2008,Corvette-d0f4320b,CHEVROLET,Jeffrey,Wilson,556-YXOY
09//18//2006,XC40-6a0a74df,VOLVO,Robert,Little,8CA 832
05//01//2004,Outback-f6d32259,SUBARU,Stephanie,Ramirez,HEF 685
07//30//2008,Forester-678a1978,SUBARU,Heather,Gibson,6WZ O33
07//15//2008,A4-527cd74f,AUDI,Manuel,Anthony,XCR-181
06//07//2008,Soul-4ae1eae1,KIA,Jeffrey,Arroyo,0O 8S0VZA
06//26//2008,XC40-bf7bb995,VOLVO,Linda,Gonzalez,7CJ 561
09//17//2007,Mustang-5e73a17f,FORD,Steven,Rios,187 VQY
06//06//2007,Cruze-0db5aaed,CHEVROLET,Lori,Williams,GUT 825
01//06//2007,Escape-f44f42a0,FORD,Denise,Green,GJT-0503
12//27//2007,Prius-9a7b0da1,TOYOTA,Luis,Lynch,RWN 643
09//06//2008,Mustang-a8b67576,FORD,John,Moore,1-4425C
01//21//2006,Mustang-612a9b3e,FORD,Eduardo,Miller,948ZT
03//20//2004,4Runner-5308970a,TOYOTA,Felicia,Gomez,34-66888
07//09//2006,Explorer-79199c1d,FORD,Shelley,Gonzales,047D
10//06//2005,Forester-a0bd931c,SUBARU,Kimberly,Baker,5FI M43
03//03//2005,Outback-67e3822d,SUBARU,Gary,Rivera,WWL3092
03//22//2007,Silverado-2788be13,CHEVROLET,Adam,Brown,4ZRD539
09//15//2008,XC40-db07c8a9,VOLVO,Steven,Maddox,YOV 865
03//09//2008,Mustang-b2627e5c,FORD,Shelby,Williams,Y 312513
09//17//2007,Wrangler-1ee91561,JEEP,Benjamin,Gonzalez,OF 1052
08//31//2007,Explorer-58ace270,FORD,Brian,Snyder,497FPJ
06//03//2006,Corolla-79a20303,TOYOTA,Debra,Phillips,MQL 054
01//23//2006,Mustang-9825282a,FORD,Susan,Johnson,933 QDS
07//01//2004,Silverado-e4d5be7a,CHEVROLET,Desiree,Anderson,629-506
01//03//2008,Mustang-c686edef,FORD,James,Rose,466-NWB
08//12//2005,4Runner-51c29061,TOYOTA,Thomas,Berry,DYD2710
08//14//2007,Silverado-ddc44092,CHEVROLET,Jared,Ramirez,KO3 1311
07//22//2007,Outback-b680106e,SUBARU,Pamela,Johnson,KSE-8162
03//26//2007,A4-8d72afc7,AUDI,Shaun,Ward,2JR A97
01//05//2006,Escape-b7204283,FORD,Christopher,Bailey,66-63021
02//04//2008,XC40-bbb6a707,VOLVO,Daniel,Yoder,KUV 613
04//27//2005,Silverado-0665000d,CHEVROLET,Jennifer,Wilson,S37 9GY
03//17//2005,Camry-9ea496f6,TOYOTA,Jason,Decker,8BA 264
09//19//2008,XC40-d76266c8,VOLVO,Tanya,Roberts,975 OHP
04//19//2006,Explorer-bf4c758d,FORD,Dana,Lawrence,588 7HU
12//30//2004,Corvette-b4a5add6,CHEVROLET,Penny,Morgan,EGD 346
01//30//2008,Soul-c6e19d31,KIA,Karen,Rivera,5-82950N
04//03//2004,Forester-db5a71e2,SUBARU,Travis,Pacheco,TJC8552
04//29//2004,Escape-686a6673,FORD,Leah,Villa,524SGM
11//27//2005,Corvette-d98f11bc,CHEVROLET,Timothy,Green,96-1639S
02//06//2005,Explorer-4cc72a3b,FORD,Katherine,Stewart,MRR 251
09//28//2007,Explorer-e705bc12,FORD,Michael,Jackson,26-LN64
02//19//2008,A4-606564c0,AUDI,Ryan,Richards,1-64273
08//29//2004,Prius-37c300a1,TOYOTA,Christina,Morris,87T 090
10//15//2006,Camry-9d826e7e,TOYOTA,Christine,Jensen,97W X60
05//06//2008,Silverado-6bb1f17a,CHEVROLET,Joan,Bruce,96-K763
02//27//2008,A4-0ec72487,AUDI,Kimberly,Nguyen,G18 0QK
04//29//2008,Prius-5d0e9db0,TOYOTA,Kelli,Reynolds,310557
09//19//2004,4Runner-14861aee,TOYOTA,Kelly,Shepard,83V•974
08//12//2007,Soul-1ba1e700,KIA,John,White,QLF5116
04//01//2007,Corvette-0d9ae372,CHEVROLET,Jessica,Bennett,820105
03//13//2007,Corolla-10db10bc,TOYOTA,Dean,Carter,254 QM2
10//26//2005,Escape-d18bb889,FORD,Mary,Gonzalez,6U UA534
10//04//2004,Silverado-b96d385c,CHEVROLET,Laura,Bradley,41A CG8
02//21//2008,Corolla-a4667478,TOYOTA,Amy,Bowers,DC 0890
10//26//2005,Silverado-b7834aca,CHEVROLET,Crystal,Nelson,KAW 7136
03//27//2007,Explorer-94db86c7,FORD,Randy,Jenkins,4OY 309
05//29//2006,Corvette-db640482,CHEVROLET,Jessica,Gonzalez,IH8 0324
12//26//2005,Civic-3c80aa47,HONDA,Susan,Nguyen,80-MR19
05//12//2007,Camry-85d61a58,TOYOTA,Natalie,Lopez,9I QC313
07//05//2004,4Runner-dbb5022c,TOYOTA,Judy,Hines,49M K18
11//01//2007,Soul-9d98b9aa,KIA,Devin,Johnson,5BA 887
10//06//2004,Forester-3913af80,SUBARU,Megan,Turner,70XX4
11//26//2008,Forester-c2e953f2,SUBARU,Rebecca,West,5JQ U02
04//18//2005,Forester-299ffbea,SUBARU,James,Hart,45J•271
03//13//2006,Mustang-bf8b3470,FORD,Kristin,Ward,7WV7692
04//28//2006,Explorer-0ca6366b,FORD,Nicholas,Freeman,YRH-1826
08//19//2004,Silverado-db2ab425,CHEVROLET,Brandon,Carter,549-RAK
05//10//2006,Corolla-c38ec044,TOYOTA,Mary,Vazquez,LVR-6973
07//31//2004,Camry-1327a795,TOYOTA,Robert,Boyd,YFV 748
02//09//2007,Prius-8781e35c,TOYOTA,Johnathan,Kennedy,4YIN 13
09//22//2007,Escape-579846d7,FORD,Jessica,Bowman,300D
11//29//2004,Mustang-6dda4027,FORD,Megan,Mcpherson,7-09956Q
02//29//2008,Corolla-46a9d05d,TOYOTA,Rebecca,Joyce,E25-MVX
01//19//2008,Mustang-ddbe03ca,FORD,Richard,Hoffman,JDZ 779
12//03//2008,Escape-56d32b9b,FORD,Jordan,Young,ZTA 224
10//08//2004,Prius-510d2257,TOYOTA,Lee,Craig,KFP D25
05//11//2008,Forester-9b096c9c,SUBARU,Seth,Allen,BHM-2685
09//30//2006,Forester-55f018ea,SUBARU,Vanessa,Lutz,IKA 665
01//19//2006,Escape-d3658b3c,FORD,Jason,Weiss,23VF704
12//18//2006,Corvette-98a45210,CHEVROLET,Wesley,Mcdonald,NCG-327
03//24//2004,Forester-aa8bff48,SUBARU,Jennifer,Potter,541-FQP
01//05//2006,Mustang-24504989,FORD,Larry,Gomez,9-95920
07//22//2006,Silverado-48c6f9e6,CHEVROLET,Theresa,Castillo,1IOM752
01//26//2009,Corvette-acd574d7,CHEVROLET,Matthew,Mitchell,0224
02//10//2007,XC40-63077cf5,VOLVO,Shannon,Hinton,OJW 618
12//30//2004,Wrangler-896d1980,JEEP,Calvin,Maldonado,BZA 0878
06//16//2005,Cruze-16c7ee41,CHEVROLET,Gregory,Rodriguez,TKU-763
07//26//2005,A4-5cea603a,AUDI,James,King,89Z BD6
07//06//2006,XC40-53b23233,VOLVO,Christine,Stevens,J27 7KV
08//10//2008,Soul-d2bc4601,KIA,Nicole,Ramirez,CYY0558
07//18//2008,Escape-e690c0fc,FORD,George,Ross,823LE
12//26//2004,Mustang-8a72dd3d,FORD,Joseph,Reed,MEW 383
07//23//2006,A4-4ebc178e,AUDI,Mary,Hernandez,DFH 018
03//08//2006,XC40-4f345e8c,VOLVO,Steven,Payne,OGF-8405
09//14//2008,Civic-d7ea446a,HONDA,Rachael,Campos,793 TIW
06//20//2004,Soul-e921169f,KIA,Jacob,Best,687-OCJ
04//01//2004,Civic-b9421afb,HONDA,Tommy,Taylor,SGV 954
02//10//2007,Escape-64aac3dc,FORD,Lauren,Solomon,YON-8192
07//13//2008,Corolla-b4bc2cbb,TOYOTA,Tina,Blake,22DU672
08//27//2007,Corolla-f65f79f3,TOYOTA,Christopher,Carter,67-T335
12//11//2007,Escape-7767d435,FORD,Michael,Baker,096 HVX
06//19//2007,Escape-6980d321,FORD,Matthew,Hernandez,063 CRD
06//04//2006,Forester-87aacd86,SUBARU,Cynthia,Smith,2DZ 471
07//17//2004,Silverado-010a8605,CHEVROLET,Kim,Suarez,1RN 274
05//16//2004,Corvette-5fb1dc17,CHEVROLET,Cynthia,Collier,7ZW S99
07//31//2005,Escape-eaab09c2,FORD,Kevin,Weaver,633DTZ
07//31//2004,Cruze-5281fbca,CHEVROLET,Adam,Sherman,XPC 278
06//02//2005,4Runner-acc0dfd3,TOYOTA,Jason,Charles,7MG J90
06//23//2006,Outback-40e1af9e,SUBARU,Jill,Collins,KXU 988
12//19//2006,Escape-c230e5ef,FORD,Lauren,King,363H4
02//03//2006,Camry-f5c0d8a5,TOYOTA,Sonya,Richardson,2PU 414
05//28//2007,Prius-e010bd9f,TOYOTA,Jonathan,Newton,ZBB-8322
10//02//2007,Explorer-c9edda16,FORD,David,Klein,HYL 200
06//23//2006,Civic-2d6ff26d,HONDA,Wanda,Black,608 2CA
03//17//2004,Forester-bae0c370,SUBARU,Sarah,Martinez,5YF85
02//08//2008,Outback-afbf377e,SUBARU,Christina,Smith,17P I53
12//15//2006,Corolla-30f8c4a8,TOYOTA,Ryan,Vasquez,FUP-4978
04//19//2005,Wrangler-a1bef256,JEEP,Regina,Nguyen,697-LGJ
10//21//2006,Wrangler-20081ecd,JEEP,David,Campbell,559V0
04//23//2008,Wrangler-bb991636,JEEP,David,Cooper,LDC-783
01//22//2009,Wrangler-b89f0a21,JEEP,Kyle,Schroeder,32W 262
02//23//2006,Outback-731344e3,SUBARU,Ashley,May,641-HTH
06//19//2004,Cruze-beac0cb4,CHEVROLET,Victoria,Waters,LXB 127
08//24//2004,Outback-2efbbb9d,SUBARU,Jennifer,Wood,263 9AI
09//26//2006,XC40-24a030c6,VOLVO,Jessica,Mann,8ME3594
11//15//2005,Explorer-56b02386,FORD,James,Martin,312 4WU
10//30//2004,Prius-b3b0839f,TOYOTA,Angela,Franklin,4AFH 28
07//18//2007,Silverado-8b639dfd,CHEVROLET,Benjamin,Parker,2034 TE
05//19//2007,Soul-4cdaf0c8,KIA,Christy,Mathews,02N G16
12//11//2005,Explorer-797f1565,FORD,Michele,Walton,018 HFD
01//11//2008,Camry-a291f33f,TOYOTA,Christopher,Rios,858 AOU
05//12//2006,XC40-cff1b07b,VOLVO,Edward,Andersen,2ID 885
07//20//2004,Civic-a7926fe1,HONDA,Laura,Evans,MJH-238
02//01//2005,Corvette-3cb18306,CHEVROLET,Richard,Davis,N60 3EF
12//29//2007,Mustang-26ccc0a1,FORD,Vanessa,Klein,15-7807G
09//19//2007,Explorer-10bf7708,FORD,Brianna,Smith,7QNM514
07//09//2005,Wrangler-82350c32,JEEP,Melissa,Jones,937 YZZ
03//28//2007,Civic-9ba0a6d0,HONDA,Nathan,Hill,PGD-358
03//06//2005,Prius-9d1fe95b,TOYOTA,Ashley,Moore,RAC-880
05//05//2007,Camry-4e059385,TOYOTA,Laura,Boyd,14-53337
12//24//2006,4Runner-85124466,TOYOTA,Terrance,Reed,90M•943
08//10//2006,Cruze-201dbb95,CHEVROLET,Anthony,Clark,HLF 074
07//12//2004,Corvette-9130aabe,CHEVROLET,Steven,Rodriguez,27-6561M
05//31//2007,Corvette-2c7a598b,CHEVROLET,Roy,Velasquez,GF 3589
03//03//2005,Silverado-886537d4,CHEVROLET,Sean,Carter,79D•490
04//04//2004,Corvette-0965225e,CHEVROLET,Jill,Griffin,Q33 1EI
08//08//2007,XC40-e7af1022,VOLVO,Patrick,Thompson,MFN T82
07//15//2008,Forester-5e80dd3f,SUBARU,Grace,White,975B8
01//24//2006,Corvette-254986b4,CHEVROLET,Ashley,Skinner,618N
01//13//2005,Explorer-5550848d,FORD,Ashley,Jenkins,645 DKK
08//05//2007,Silverado-36fb07f6,CHEVROLET,Shannon,Wagner,7Z 4022E
03//13//2007,XC40-f4596421,VOLVO,Brandon,Tran,03-FR60
07//03//2008,Explorer-89732109,FORD,Gregory,Parrish,695 ELL
05//20//2005,Wrangler-50293000,JEEP,Shawn,May,PWC-016
07//03//2004,Cruze-2408405d,CHEVROLET,Kimberly,Robertson,279-YOEF
01//02//2007,Forester-44b80b0b,SUBARU,Angel,Bentley,9T D1353
06//15//2004,Forester-83c38d08,SUBARU,Heidi,Shah,449-VHO
01//26//2008,Silverado-7b77dc2e,CHEVROLET,Mary,Larson,7JEK 55
10//17//2004,Outback-4faaf476,SUBARU,Eric,Preston,XI9 8899
01//25//2005,Silverado-bbf047ee,CHEVROLET,John,Smith,TKN-805
08//17//2005,Prius-b7aa70f1,TOYOTA,Katherine,Singleton,7FV I87
11//27//2007,Mustang-c2bd5dc4,FORD,Amy,Fisher,0IV 477
07//31//2005,Wrangler-91f16c92,JEEP,Amber,Armstrong,262YL
10//18//2005,Wrangler-bdec2b28,JEEP,Denise,Allen,UJI-7551
10//13//2007,Explorer-bc62608f,FORD,Michael,Smith,DH 95838
09//28//2007,Mustang-f0b6e2c9,FORD,Brian,White,BOQ-2925
09//21//2005,Prius-c5ce4ea2,TOYOTA,Dennis,Reeves,49-WN81
10//13//2007,XC40-bdc7f63f,VOLVO,Kelsey,Clayton,9UF3565
04//24//2008,XC40-83048197,VOLVO,Kathryn,Robles,U14 0TU
04//01//2004,Silverado-33cefc30,CHEVROLET,Dustin,Small,OIU-471
05//05//2008,4Runner-7abae151,TOYOTA,William,Hooper,FIH9639
02//09//2006,Outback-91459c45,SUBARU,Luis,Yang,300-AOD
10//10//2004,Cruze-becebbe1,CHEVROLET,Kimberly,Davidson,0Z SV396
01//14//2007,Escape-4c9b3edf,FORD,Phillip,Lopez,OSC-490
11//27//2007,Forester-ae117e48,SUBARU,Virginia,Shields,SZW-559
05/27/2009,Corvette-676b5c20,TOYOTA,Tim,Cummins,592 WZ8
10/14/2003,Civic-00213541,TOYOTA,Andrew,Rochat,TXT-7294
01/30/2006,A4-ac125a60,TOYOTA,Julia,Decaro,526-RDE
10/14/2006,Camry-5aea8801,TOYOTA,Samantha,Simmons,113-ZNQ
08/17/2004,Soul-5812d943,AUDI,Sean,Walsh,429-DPX
